cargo,role,level,p25,p50,p75,ambito,fuente,url
Gerente de Administración y Finanzas (CFO),finanzas,gerente,8270,13500,22130,total,Guía Salarial Buk Perú 2026 vía Gestión,https://gestion.pe/economia/empresas/cuanto-ganan-los-profesionales-de-ti-y-finanzas-en-peru-estos-son-los-sueldos-segun-buk-noticia/
Gerente de Planeamiento y Presupuesto,finanzas,gerente,9200,12030,18530,total,Guía Salarial Buk Perú 2026 vía Gestión,https://gestion.pe/economia/empresas/cuanto-ganan-los-profesionales-de-ti-y-finanzas-en-peru-estos-son-los-sueldos-segun-buk-noticia/
Jefe de Planeamiento y Presupuesto,finanzas,jefe,,8980,,total,Guía Salarial Buk Perú 2026 vía Gestión,https://gestion.pe/economia/empresas/cuanto-ganan-los-profesionales-de-ti-y-finanzas-en-peru-estos-son-los-sueldos-segun-buk-noticia/
Jefe de Control de Gestión,finanzas,jefe,,8550,,total,Guía Salarial Buk Perú 2026 vía Gestión,https://gestion.pe/economia/empresas/cuanto-ganan-los-profesionales-de-ti-y-finanzas-en-peru-estos-son-los-sueldos-segun-buk-noticia/
Jefe de Contabilidad,contabilidad,jefe,,7490,,total,Guía Salarial Buk Perú 2026 vía Gestión,https://gestion.pe/economia/empresas/cuanto-ganan-los-profesionales-de-ti-y-finanzas-en-peru-estos-son-los-sueldos-segun-buk-noticia/
Analista Contable,contabilidad,analista,,3790,,total,Guía Salarial Buk Perú 2026 vía Gestión,https://gestion.pe/economia/empresas/cuanto-ganan-los-profesionales-de-ti-y-finanzas-en-peru-estos-son-los-sueldos-segun-buk-noticia/
Analista Financiero,finanzas,analista,,3710,,total,Guía Salarial Buk Perú 2026 vía Gestión,https://gestion.pe/economia/empresas/cuanto-ganan-los-profesionales-de-ti-y-finanzas-en-peru-estos-son-los-sueldos-segun-buk-noticia/
Asistente Administrativo Financiero,administracion,asistente,,2330,,total,Guía Salarial Buk Perú 2026 vía Gestión,https://gestion.pe/economia/empresas/cuanto-ganan-los-profesionales-de-ti-y-finanzas-en-peru-estos-son-los-sueldos-segun-buk-noticia/
Técnico de Contabilidad,contabilidad,asistente,1490,2000,3580,total,Guía Salarial Buk Perú 2026 vía Gestión,https://gestion.pe/economia/empresas/cuanto-ganan-los-profesionales-de-ti-y-finanzas-en-peru-estos-son-los-sueldos-segun-buk-noticia/
Gerente de TIC (CTO),software,gerente,10110,15210,21300,total,Guía Salarial Buk Perú 2026 vía Gestión,https://gestion.pe/economia/empresas/cuanto-ganan-los-profesionales-de-ti-y-finanzas-en-peru-estos-son-los-sueldos-segun-buk-noticia/
Arquitecto de Software,software,senior,7710,10850,12770,total,Guía Salarial Buk Perú 2026 vía Gestión,https://gestion.pe/economia/empresas/cuanto-ganan-los-profesionales-de-ti-y-finanzas-en-peru-estos-son-los-sueldos-segun-buk-noticia/
Jefe de TIC,software,jefe,5760,8000,10200,total,Guía Salarial Buk Perú 2026 vía Gestión,https://gestion.pe/economia/empresas/cuanto-ganan-los-profesionales-de-ti-y-finanzas-en-peru-estos-son-los-sueldos-segun-buk-noticia/
Líder de Desarrollo de Software,software,jefe,6480,8300,10600,total,Guía Salarial Buk Perú 2026 vía Gestión,https://gestion.pe/economia/empresas/cuanto-ganan-los-profesionales-de-ti-y-finanzas-en-peru-estos-son-los-sueldos-segun-buk-noticia/
Jefe de Inteligencia de Negocios (BI),datos,jefe,,8000,,total,Guía Salarial Buk Perú 2026 vía Gestión,https://gestion.pe/economia/empresas/cuanto-ganan-los-profesionales-de-ti-y-finanzas-en-peru-estos-son-los-sueldos-segun-buk-noticia/
Especialista en Gestión Ágil de Proyectos,software,senior,,7290,,total,Guía Salarial Buk Perú 2026 vía Gestión,https://gestion.pe/economia/empresas/cuanto-ganan-los-profesionales-de-ti-y-finanzas-en-peru-estos-son-los-sueldos-segun-buk-noticia/
Jefe de Infraestructura Tecnológica,soporte,jefe,,7190,12610,total,Guía Salarial Buk Perú 2026 vía Gestión,https://gestion.pe/economia/empresas/cuanto-ganan-los-profesionales-de-ti-y-finanzas-en-peru-estos-son-los-sueldos-segun-buk-noticia/
Líder de Aseguramiento de Calidad (QA),software,senior,5360,6740,9450,total,Guía Salarial Buk Perú 2026 vía Gestión,https://gestion.pe/economia/empresas/cuanto-ganan-los-profesionales-de-ti-y-finanzas-en-peru-estos-son-los-sueldos-segun-buk-noticia/
Jefe de Sistemas de Información,software,jefe,,6620,,total,Guía Salarial Buk Perú 2026 vía Gestión,https://gestion.pe/economia/empresas/cuanto-ganan-los-profesionales-de-ti-y-finanzas-en-peru-estos-son-los-sueldos-segun-buk-noticia/
Consultor ERP,software,senior,,6420,,total,Guía Salarial Buk Perú 2026 vía Gestión,https://gestion.pe/economia/empresas/cuanto-ganan-los-profesionales-de-ti-y-finanzas-en-peru-estos-son-los-sueldos-segun-buk-noticia/
Jefatura de TI (empresa mediana),software,jefe,,6870,,mediana,Guía Salarial Buk Perú 2026 (blog de Buk),https://www.buk.pe/blog/guia-salarial-buk-peru
Jefatura de TI (industria tecnológica),software,jefe,,9030,,tecnologia,Guía Salarial Buk Perú 2026 (blog de Buk),https://www.buk.pe/blog/guia-salarial-buk-peru
Business Developer (empresa grande),ventas,senior,,6310,,grande,Guía Salarial Buk Perú 2026 (blog de Buk),https://www.buk.pe/blog/guia-salarial-buk-peru
Business Developer (industria financiera),ventas,senior,,7110,,banca,Guía Salarial Buk Perú 2026 (blog de Buk),https://www.buk.pe/blog/guia-salarial-buk-peru
Gerente de RR.HH. (CHRO),rrhh,gerente,,14110,,total,Guía Salarial Buk Perú 2026 vía prensa,https://www.buk.pe/blog/guia-salarial-buk-peru
Jefe de Desarrollo Organizacional,rrhh,jefe,,10020,,total,Guía Salarial Buk Perú 2026 vía prensa,https://www.peru-retail.com/sueldos-en-peru-como-impacta-la-inflacion-y-que-factores-explican-las-diferencias-salariales/
Jefe de Marca,marketing,jefe,,10260,,total,Guía Salarial Buk Perú 2026 vía Perú Retail,https://www.peru-retail.com/sueldos-en-peru-como-impacta-la-inflacion-y-que-factores-explican-las-diferencias-salariales/
Gerente General,administracion,gerente,6110,12980,29820,total,Guía Salarial Buk Perú 2026 vía Perú Retail,https://www.peru-retail.com/sueldos-en-peru-como-impacta-la-inflacion-y-que-factores-explican-las-diferencias-salariales/
Gerente de Mina,ing_minas,gerente,11460,20710,32970,total,Guía Salarial Buk Perú 2026 vía prensa,https://www.infobae.com/peru/2026/03/27/cuales-son-los-mejores-salarios-en-peru-guia-salarial-revela-en-que-sectores-y-cargos-se-paga-mas-este-2026/
