slug,puesto,media_mensual,n_salarios,fecha_consulta,url
abogado,Abogado,2253,134,2026-10-04,https://pe.computrabajo.com/salarios/abogado
analista-contable,Analista contable,2363,1305,2026-10-04,https://pe.computrabajo.com/salarios/analista-contable
analista-de-datos,Analista de datos,2222,461,2026-10-04,https://pe.computrabajo.com/salarios/analista-de-datos
analista-de-recursos-humanos,Analista de recursos humanos,1945,221,2026-10-04,https://pe.computrabajo.com/salarios/analista-de-recursos-humanos
analista-financiero,Analista financiero,2640,238,2026-10-04,https://pe.computrabajo.com/salarios/analista-financiero
asistente-administrativo,Asistente administrativo,1332,4986,2026-10-04,https://pe.computrabajo.com/salarios/asistente-administrativo
asistente-contable,Asistente contable,1467,4475,2026-10-04,https://pe.computrabajo.com/salarios/asistente-contable
contador,Contador,2397,325,2026-10-04,https://pe.computrabajo.com/salarios/contador
desarrollador-de-software,,,,2026-10-04,https://pe.computrabajo.com/salarios/desarrollador-de-software
ejecutivo-de-ventas,Ejecutivo de ventas,1245,3053,2026-10-04,https://pe.computrabajo.com/salarios/ejecutivo-de-ventas
enfermera,Enfermera,1913,1085,2026-10-04,https://pe.computrabajo.com/salarios/enfermera
ingeniero-civil,Ingeniero civil,3580,514,2026-10-04,https://pe.computrabajo.com/salarios/ingeniero-civil
ingeniero-industrial,,,,2026-10-04,https://pe.computrabajo.com/salarios/ingeniero-industrial
jefe-de-logistica,Jefe de logística,3078,148,2026-10-04,https://pe.computrabajo.com/salarios/jefe-de-logistica
supervisor-de-seguridad,Supervisor de seguridad,2762,487,2026-10-04,https://pe.computrabajo.com/salarios/supervisor-de-seguridad
