role,level,size,n_cargos,medio_norm
administracion,gerente,s3,9,28000
administracion,gerente,s4,5,35400
contabilidad,gerente,s4,8,18100
contabilidad,jefe,s3,9,11400
finanzas,gerente,s3,18,21500
finanzas,gerente,s4,51,23100
finanzas,jefe,s3,17,13400
finanzas,jefe,s4,36,13400
finanzas,senior,s3,8,9500
ing_industrial,gerente,s3,12,16500
ing_industrial,gerente,s4,12,21400
ing_industrial,jefe,s3,9,8700
ing_industrial,jefe,s4,9,10700
ing_minas,gerente,s3,17,16200
ing_minas,gerente,s4,17,26800
logistica,gerente,s3,7,15500
logistica,gerente,s4,8,20300
logistica,jefe,s3,10,8700
logistica,jefe,s4,10,10100
mantenimiento,gerente,s3,7,12800
mantenimiento,gerente,s4,9,19800
mantenimiento,jefe,s3,4,11200
mantenimiento,jefe,s4,4,15000
marketing,gerente,s3,4,17500
marketing,gerente,s4,6,19500
otro,gerente,s3,6,16400
otro,gerente,s4,6,21600
otro,jefe,s3,6,12000
otro,jefe,s4,8,15900
otro,senior,s3,4,8300
otro,senior,s4,4,11500
rrhh,gerente,s4,8,16800
rrhh,jefe,s4,7,10300
ventas,gerente,s3,18,14100
ventas,gerente,s4,34,19100
ventas,jefe,s3,3,10200
ventas,jefe,s4,6,11200
ventas,senior,s4,5,11500
